<?xml version="1.0" encoding="UTF-8"?>
<!DOCTYPE suite SYSTEM "http://testng.org/testng-1.0.dtd">
<suite name="Suite" parallel="tests" thread-count="2">
	<test name="Lead" parallel="classes" thread-count="2">
		<groups>
			<run>
				<include name="common"></include>
				<include name="smoke"></include>
			</run>
		</groups>
		<classes>
			<class name="leaf.Lead.CreateLead" />
			<class name="leaf.Lead.EditLead" />
			<class name="leaf.Lead.DeleteLead" />
			<class name="leaf.Lead.DuplicateLead" />
			<class name="leaf.Lead.MergeLead" />
		</classes>
	</test> <!-- Test -->

	<test name="Contact">
		<groups>
			<run>
				<include name="common"></include>
				<include name="sanity"></include>
			</run>
		</groups>
		<classes>
			<class name="leaf.Contact.CreateContact" />
			<class name="leaf.Contact.EditContact" />
			<class name="leaf.Contact.DeleteContact" />
			<class name="leaf.Contact.MergeContact" />
		</classes>
	</test> <!-- Test -->
</suite> <!-- Suite -->
